{
    "utterances": [
        {
            "text": "Call 911",
            "entities": [
                {
                    "entity": "call:call",
                    "start": 0,
                    "end": 8,
                    "body": "Call 911",
                    "entities": []
                }
            ],
            "traits": [],
            "intent": "call_begin"
        },
        {
            "text": "Search for LifeSavers",
            "entities": [
                {
                    "entity": "map:map",
                    "start": 0,
                    "end": 21,
                    "body": "Search for LifeSavers",
                    "entities": []
                }
            ],
            "traits": [],
            "intent": "map_search"
        },
        {
            "text": "accept",
            "entities": [
                {
                    "entity": "consent_next:consent_next",
                    "start": 0,
                    "end": 6,
                    "body": "accept",
                    "entities": []
                }
            ],
            "traits": [],
            "intent": "consent_accept"
        },
        {
            "text": "continue",
            "entities": [
                {
                    "entity": "menu:menu",
                    "start": 0,
                    "end": 8,
                    "body": "continue",
                    "entities": []
                }
            ],
            "traits": [],
            "intent": "menu_continue"
        },
        {
            "text": "dictate",
            "entities": [
                {
                    "entity": "menu:menu",
                    "start": 0,
                    "end": 7,
                    "body": "dictate",
                    "entities": []
                }
            ],
            "traits": [],
            "intent": "treatment_voice"
        },
        {
            "text": "found it",
            "entities": [
                {
                    "entity": "Medical_Equipment:Medical_Equipment",
                    "start": 0,
                    "end": 8,
                    "body": "found it",
                    "entities": []
                }
            ],
            "traits": [],
            "intent": "equipment_found"
        },
        {
            "text": "search for me",
            "entities": [
                {
                    "entity": "Medical_Equipment:Medical_Equipment",
                    "start": 0,
                    "end": 13,
                    "body": "search for me",
                    "entities": []
                }
            ],
            "traits": [],
            "intent": "equipment_search"
        }
    ]
}
